{
    "display": {
        "title": {
            "translate": "roguecraft.advancement.name.speedrun"
        },
        "description": {
            "translate": "roguecraft.advancement.description.speedrun",
            "color": "green"
        },
        "icon": {
            "count": 1,
            "id": "minecraft:stick",
            "components": {
                "minecraft:custom_model_data": 24
            }
        },
        "frame": "task",
        "show_toast": true,
        "announce_to_chat": true,
        "hidden": false
    },
    "criteria": {
        "granted": {
            "trigger": "minecraft:impossible"
        }
    },
    "parent": "roguecraft:roguecraft/root",
    "rewards": {
        "function": "roguecraft:skillpoints/advancement_goal"
    }
}