{
  "parent": "minecraft:husbandry/tactical_fishing",
  "criteria": {
    "axolotl_bucket": {
      "conditions": {
        "item": {
          "items": "minecraft:axolotl_bucket"
        },
        "player": {
          "type_specific": {
            "type": "minecraft:player",
            "gamemode": [
              "survival",
              "creative",
              "adventure"
            ]
          }
        }
      },
      "trigger": "minecraft:filled_bucket"
    }
  },
  "display": {
    "announce_to_chat": true,
    "description": {
      "translate": "advancements.husbandry.axolotl_in_a_bucket.description"
    },
    "icon": {
      "count": 1,
      "id": "minecraft:axolotl_bucket"
    },
    "title": {
      "translate": "advancements.husbandry.axolotl_in_a_bucket.title"
    }
  },
  "requirements": [
    [
      "axolotl_bucket"
    ]
  ],
  "sends_telemetry_event": true,
  "rewards": {
    "function": "roguecraft:skillpoints/advancement_normal"
  }
}