{
  "parent": "minecraft:husbandry/root",
  "criteria": {
    "cod": {
      "conditions": {
        "item": {
          "items": "minecraft:cod"
        },
        "player": {
          "type_specific": {
            "type": "minecraft:player",
            "gamemode": [
              "survival",
              "creative",
              "adventure"
            ]
          }
        }
      },
      "trigger": "minecraft:fishing_rod_hooked"
    },
    "pufferfish": {
      "conditions": {
        "item": {
          "items": "minecraft:pufferfish"
        },
        "player": {
          "type_specific": {
            "type": "minecraft:player",
            "gamemode": [
              "survival",
              "creative",
              "adventure"
            ]
          }
        }
      },
      "trigger": "minecraft:fishing_rod_hooked"
    },
    "salmon": {
      "conditions": {
        "item": {
          "items": "minecraft:salmon"
        },
        "player": {
          "type_specific": {
            "type": "minecraft:player",
            "gamemode": [
              "survival",
              "creative",
              "adventure"
            ]
          }
        }
      },
      "trigger": "minecraft:fishing_rod_hooked"
    },
    "tropical_fish": {
      "conditions": {
        "item": {
          "items": "minecraft:tropical_fish"
        },
        "player": {
          "type_specific": {
            "type": "minecraft:player",
            "gamemode": [
              "survival",
              "creative",
              "adventure"
            ]
          }
        }
      },
      "trigger": "minecraft:fishing_rod_hooked"
    }
  },
  "display": {
    "announce_to_chat": true,
    "description": {
      "translate": "advancements.husbandry.fishy_business.description"
    },
    "icon": {
      "count": 1,
      "id": "minecraft:fishing_rod"
    },
    "title": {
      "translate": "advancements.husbandry.fishy_business.title"
    }
  },
  "requirements": [
    [
      "cod",
      "tropical_fish",
      "pufferfish",
      "salmon"
    ]
  ],
  "sends_telemetry_event": true,
  "rewards": {
    "function": "roguecraft:skillpoints/advancement_normal"
  }
}