{
  "parent": "minecraft:husbandry/plant_seed",
  "criteria": {
    "netherite_hoe": {
      "conditions": {
        "items": [
          {
            "items": "minecraft:netherite_hoe"
          }
        ],
        "player": {
          "type_specific": {
            "type": "minecraft:player",
            "gamemode": [
              "survival",
              "creative",
              "adventure"
            ]
          }
        }
      },
      "trigger": "minecraft:inventory_changed"
    }
  },
  "display": {
    "announce_to_chat": true,
    "description": {
      "translate": "advancements.husbandry.netherite_hoe.description"
    },
    "icon": {
      "count": 1,
      "id": "minecraft:netherite_hoe"
    },
    "title": {
      "translate": "advancements.husbandry.netherite_hoe.title"
    }
  },
  "requirements": [
    [
      "netherite_hoe"
    ]
  ],
  "rewards": {
    "experience": 100,
    "function": "roguecraft:skillpoints/advancement_normal"
  },
  "sends_telemetry_event": true
}