{
  "parent": "minecraft:husbandry/tame_an_animal",
  "criteria": {
    "minecraft:ashen": {
      "conditions": {
        "entity": [
          {
            "condition": "minecraft:entity_properties",
            "entity": "this",
            "predicate": {
              "type_specific": {
                "type": "minecraft:wolf",
                "variant": "minecraft:ashen"
              }
            }
          }
        ],
        "player": {
          "type_specific": {
            "type": "minecraft:player",
            "gamemode": [
              "survival",
              "creative",
              "adventure"
            ]
          }
        }
      },
      "trigger": "minecraft:tame_animal"
    },
    "minecraft:black": {
      "conditions": {
        "entity": [
          {
            "condition": "minecraft:entity_properties",
            "entity": "this",
            "predicate": {
              "type_specific": {
                "type": "minecraft:wolf",
                "variant": "minecraft:black"
              }
            }
          }
        ],
        "player": {
          "type_specific": {
            "type": "minecraft:player",
            "gamemode": [
              "survival",
              "creative",
              "adventure"
            ]
          }
        }
      },
      "trigger": "minecraft:tame_animal"
    },
    "minecraft:chestnut": {
      "conditions": {
        "entity": [
          {
            "condition": "minecraft:entity_properties",
            "entity": "this",
            "predicate": {
              "type_specific": {
                "type": "minecraft:wolf",
                "variant": "minecraft:chestnut"
              }
            }
          }
        ],
        "player": {
          "type_specific": {
            "type": "minecraft:player",
            "gamemode": [
              "survival",
              "creative",
              "adventure"
            ]
          }
        }
      },
      "trigger": "minecraft:tame_animal"
    },
    "minecraft:pale": {
      "conditions": {
        "entity": [
          {
            "condition": "minecraft:entity_properties",
            "entity": "this",
            "predicate": {
              "type_specific": {
                "type": "minecraft:wolf",
                "variant": "minecraft:pale"
              }
            }
          }
        ],
        "player": {
          "type_specific": {
            "type": "minecraft:player",
            "gamemode": [
              "survival",
              "creative",
              "adventure"
            ]
          }
        }
      },
      "trigger": "minecraft:tame_animal"
    },
    "minecraft:rusty": {
      "conditions": {
        "entity": [
          {
            "condition": "minecraft:entity_properties",
            "entity": "this",
            "predicate": {
              "type_specific": {
                "type": "minecraft:wolf",
                "variant": "minecraft:rusty"
              }
            }
          }
        ],
        "player": {
          "type_specific": {
            "type": "minecraft:player",
            "gamemode": [
              "survival",
              "creative",
              "adventure"
            ]
          }
        }
      },
      "trigger": "minecraft:tame_animal"
    },
    "minecraft:snowy": {
      "conditions": {
        "entity": [
          {
            "condition": "minecraft:entity_properties",
            "entity": "this",
            "predicate": {
              "type_specific": {
                "type": "minecraft:wolf",
                "variant": "minecraft:snowy"
              }
            }
          }
        ],
        "player": {
          "type_specific": {
            "type": "minecraft:player",
            "gamemode": [
              "survival",
              "creative",
              "adventure"
            ]
          }
        }
      },
      "trigger": "minecraft:tame_animal"
    },
    "minecraft:spotted": {
      "conditions": {
        "entity": [
          {
            "condition": "minecraft:entity_properties",
            "entity": "this",
            "predicate": {
              "type_specific": {
                "type": "minecraft:wolf",
                "variant": "minecraft:spotted"
              }
            }
          }
        ],
        "player": {
          "type_specific": {
            "type": "minecraft:player",
            "gamemode": [
              "survival",
              "creative",
              "adventure"
            ]
          }
        }
      },
      "trigger": "minecraft:tame_animal"
    },
    "minecraft:striped": {
      "conditions": {
        "entity": [
          {
            "condition": "minecraft:entity_properties",
            "entity": "this",
            "predicate": {
              "type_specific": {
                "type": "minecraft:wolf",
                "variant": "minecraft:striped"
              }
            }
          }
        ],
        "player": {
          "type_specific": {
            "type": "minecraft:player",
            "gamemode": [
              "survival",
              "creative",
              "adventure"
            ]
          }
        }
      },
      "trigger": "minecraft:tame_animal"
    },
    "minecraft:woods": {
      "conditions": {
        "entity": [
          {
            "condition": "minecraft:entity_properties",
            "entity": "this",
            "predicate": {
              "type_specific": {
                "type": "minecraft:wolf",
                "variant": "minecraft:woods"
              }
            }
          }
        ],
        "player": {
          "type_specific": {
            "type": "minecraft:player",
            "gamemode": [
              "survival",
              "creative",
              "adventure"
            ]
          }
        }
      },
      "trigger": "minecraft:tame_animal"
    }
  },
  "display": {
    "announce_to_chat": true,
    "description": {
      "translate": "advancements.husbandry.whole_pack.description"
    },
    "frame": "challenge",
    "icon": {
      "count": 1,
      "id": "minecraft:bone"
    },
    "title": {
      "translate": "advancements.husbandry.whole_pack.title"
    }
  },
  "requirements": [
    [
      "minecraft:ashen"
    ],
    [
      "minecraft:black"
    ],
    [
      "minecraft:chestnut"
    ],
    [
      "minecraft:pale"
    ],
    [
      "minecraft:rusty"
    ],
    [
      "minecraft:snowy"
    ],
    [
      "minecraft:spotted"
    ],
    [
      "minecraft:striped"
    ],
    [
      "minecraft:woods"
    ]
  ],
  "rewards": {
    "experience": 50,
    "function": "roguecraft:skillpoints/advancement_challenge"
  },
  "sends_telemetry_event": true
}