{
  "parent": "minecraft:story/follow_ender_eye",
  "criteria": {
    "entered_end": {
      "conditions": {
        "to": "minecraft:the_end",
        "player": {
          "type_specific": {
            "type": "minecraft:player",
            "gamemode": [
              "survival",
              "creative",
              "adventure"
            ]
          }
        }
      },
      "trigger": "minecraft:changed_dimension"
    }
  },
  "display": {
    "announce_to_chat": true,
    "description": {
      "translate": "advancements.story.enter_the_end.description"
    },
    "icon": {
      "count": 1,
      "id": "minecraft:end_stone"
    },
    "title": {
      "translate": "advancements.story.enter_the_end.title"
    }
  },
  "requirements": [
    [
      "entered_end"
    ]
  ],
  "sends_telemetry_event": true,
  "rewards": {
    "function": "roguecraft:skillpoints/advancement_normal"
  }
}