{
  "parent": "minecraft:story/enter_the_nether",
  "criteria": {
    "in_stronghold": {
      "conditions": {
        "player": [
          {
            "condition": "minecraft:entity_properties",
            "entity": "this",
            "predicate": {
              "location": {
                "structures": "minecraft:stronghold"
              }
            }
          },
          {
            "condition": "minecraft:entity_properties",
            "entity": "this",
            "predicate": {
              "type_specific": {
                "type": "minecraft:player",
                "gamemode": [
                  "survival",
                  "adventure",
                  "creative"
                ]
              }
            }
          }
        ]
      },
      "trigger": "minecraft:location"
    }
  },
  "display": {
    "announce_to_chat": true,
    "description": {
      "translate": "advancements.story.follow_ender_eye.description"
    },
    "icon": {
      "count": 1,
      "id": "minecraft:ender_eye"
    },
    "title": {
      "translate": "advancements.story.follow_ender_eye.title"
    }
  },
  "requirements": [
    [
      "in_stronghold"
    ]
  ],
  "sends_telemetry_event": true,
  "rewards": {
    "function": "roguecraft:skillpoints/advancement_normal"
  }
}