{
  "parent": "minecraft:story/iron_tools",
  "criteria": {
    "diamond": {
      "conditions": {
        "items": [
          {
            "items": "minecraft:diamond"
          }
        ],
        "player": {
          "type_specific": {
            "type": "minecraft:player",
            "gamemode": [
              "survival",
              "creative",
              "adventure"
            ]
          }
        }
      },
      "trigger": "minecraft:inventory_changed"
    }
  },
  "display": {
    "announce_to_chat": true,
    "description": {
      "translate": "advancements.story.mine_diamond.description"
    },
    "icon": {
      "count": 1,
      "id": "minecraft:diamond"
    },
    "title": {
      "translate": "advancements.story.mine_diamond.title"
    }
  },
  "requirements": [
    [
      "diamond"
    ]
  ],
  "sends_telemetry_event": true,
  "rewards": {
    "function": "roguecraft:skillpoints/advancement_normal"
  }
}