{
    "type": "minecraft:gift",
    "pools": [
      {
        "bonus_rolls": 0,
        "entries": [
          {
            "type": "minecraft:item",
            "name": "minecraft:rabbit_hide",
            "weight": 10
          },
          {
            "type": "minecraft:item",
            "name": "minecraft:rabbit_foot",
            "weight": 10
          },
          {
            "type": "minecraft:item",
            "name": "minecraft:chicken",
            "weight": 10
          },
          {
            "type": "minecraft:item",
            "name": "minecraft:feather",
            "weight": 10
          },
          {
            "type": "minecraft:item",
            "name": "minecraft:rotten_flesh",
            "weight": 10
          },
          {
            "type": "minecraft:item",
            "name": "minecraft:string",
            "weight": 10
          },
          {
            "type": "minecraft:item",
            "name": "minecraft:phantom_membrane",
            "weight": 2
          },        
          {
            "type": "minecraft:item",
            "name": "minecraft:structure_void",
            "functions": [
              {
                "function": "minecraft:set_custom_model_data",
                "value": 100
              },
              {
                "function": "minecraft:set_custom_data",
                "tag": {
                  "type":"cat_gift"
                }
              }
            ],
            "conditions": [
              {
                "condition": "location_check",
                "predicate": {
                  "dimension": "minecraft:overworld"
                }
              }
            ],
            "weight": 8
          }
        ],
        "rolls": 1
      }
    ],
    "random_sequence": "minecraft:gameplay/cat_morning_gift"
  }