{
    "type": "minecraft:gift",
    "pools": [
      {
        "bonus_rolls": 0,
        "entries": [
          {
            "type": "minecraft:item",
            "name": "minecraft:torchflower_seeds",
            "weight": 8
          },
          {
            "type": "minecraft:item",
            "name": "minecraft:pitcher_pod",
            "weight": 8
          },
          {
            "type": "minecraft:item",
            "name": "minecraft:structure_void",
            "functions": [
              {
                "function": "minecraft:set_custom_model_data",
                "value": 100
              },
              {
                "function": "minecraft:set_custom_data",
                "tag": {
                  "type":"sniffer"
                }
              }
            ],
            "conditions": [
              {
                "condition": "location_check",
                "predicate": {
                  "dimension": "minecraft:overworld"
                }
              }
            ],
            "weight": 1
          }
        ],
        "rolls": 1
      }
    ],
    "random_sequence": "minecraft:gameplay/sniffer_digging"
  }