{
  "parent": "minecraft:adventure/ol_betsy",
  "criteria": {
    "arbalistic": {
      "conditions": {
        "unique_entity_types": 5,
        "player": {
          "type_specific": {
            "type": "minecraft:player",
            "gamemode": [
              "survival",
              "creative",
              "adventure"
            ]
          }
        }
      },
      "trigger": "minecraft:killed_by_crossbow"
    }
  },
  "display": {
    "announce_to_chat": true,
    "description": {
      "translate": "advancements.adventure.arbalistic.description"
    },
    "frame": "challenge",
    "hidden": false,
    "icon": {
      "count": 1,
      "id": "minecraft:crossbow"
    },
    "title": {
      "translate": "advancements.adventure.arbalistic.title"
    }
  },
  "requirements": [
    [
      "arbalistic"
    ]
  ],
  "rewards": {
    "experience": 85,
    "function": "roguecraft:skillpoints/advancement_challenge"
  },
  "sends_telemetry_event": true
}