{
  "parent": "minecraft:adventure/root",
  "criteria": {
    "shot_crossbow": {
      "conditions": {
        "item": {
          "items": "minecraft:crossbow"
        },
        "player": {
          "type_specific": {
            "type": "minecraft:player",
            "gamemode": [
              "survival",
              "creative",
              "adventure"
            ]
          }
        }
      },
      "trigger": "minecraft:shot_crossbow"
    }
  },
  "display": {
    "announce_to_chat": true,
    "description": {
      "translate": "advancements.adventure.ol_betsy.description"
    },
    "icon": {
      "count": 1,
      "id": "minecraft:crossbow"
    },
    "title": {
      "translate": "advancements.adventure.ol_betsy.title"
    }
  },
  "requirements": [
    [
      "shot_crossbow"
    ]
  ],
  "sends_telemetry_event": true,
  "rewards": {
    "function": "roguecraft:skillpoints/advancement_normal"
  }
}