{
  "parent": "minecraft:adventure/minecraft_trials_edition",
  "criteria": {
    "overoverkill": {
      "conditions": {
        "damage": {
          "type": {
            "direct_entity": {
              "type": "minecraft:player",
              "equipment": {
                "mainhand": {
                  "items": "minecraft:mace"
                }
              }
            },
            "tags": [
              {
                "expected": true,
                "id": "minecraft:is_player_attack"
              }
            ]
          },
          "dealt": {
            "min": 100.0
          }
        },
        "player": {
          "type_specific": {
            "type": "minecraft:player",
            "gamemode": [
              "survival",
              "creative",
              "adventure"
            ]
          }
        }
      },
      "trigger": "minecraft:player_hurt_entity"
    }
  },
  "display": {
    "announce_to_chat": true,
    "description": {
      "translate": "advancements.adventure.overoverkill.description"
    },
    "frame": "challenge",
    "icon": {
      "count": 1,
      "id": "minecraft:mace"
    },
    "title": {
      "translate": "advancements.adventure.overoverkill.title"
    }
  },
  "requirements": [
    [
      "overoverkill"
    ]
  ],
  "rewards": {
    "experience": 50,
    "function": "roguecraft:skillpoints/advancement_challenge"
  },
  "sends_telemetry_event": true
}