{
  "parent": "minecraft:adventure/kill_a_mob",
  "criteria": {
    "used_totem": {
      "conditions": {
        "item": {
          "items": "minecraft:totem_of_undying"
        },
        "player": {
          "type_specific": {
            "type": "minecraft:player",
            "gamemode": [
              "survival",
              "creative",
              "adventure"
            ]
          }
        }
      },
      "trigger": "minecraft:used_totem"
    }
  },
  "display": {
    "announce_to_chat": true,
    "description": {
      "translate": "advancements.adventure.totem_of_undying.description"
    },
    "frame": "goal",
    "icon": {
      "count": 1,
      "id": "minecraft:totem_of_undying"
    },
    "title": {
      "translate": "advancements.adventure.totem_of_undying.title"
    }
  },
  "requirements": [
    [
      "used_totem"
    ]
  ],
  "sends_telemetry_event": true,
  "rewards": {
    "function": "roguecraft:skillpoints/advancement_goal"
  }
}