{
  "parent": "minecraft:adventure/throw_trident",
  "criteria": {
    "struck_villager": {
      "conditions": {
        "victims": [
          [
            {
              "condition": "minecraft:entity_properties",
              "entity": "this",
              "predicate": {
                "type": "minecraft:villager"
              }
            }
          ]
        ],
        "player": {
          "type_specific": {
            "type": "minecraft:player",
            "gamemode": [
              "survival",
              "creative",
              "adventure"
            ]
          }
        }
      },
      "trigger": "minecraft:channeled_lightning"
    }
  },
  "display": {
    "announce_to_chat": true,
    "description": {
      "translate": "advancements.adventure.very_very_frightening.description"
    },
    "icon": {
      "count": 1,
      "id": "minecraft:trident"
    },
    "title": {
      "translate": "advancements.adventure.very_very_frightening.title"
    }
  },
  "requirements": [
    [
      "struck_villager"
    ]
  ],
  "sends_telemetry_event": true,
  "rewards": {
    "function": "roguecraft:skillpoints/advancement_normal"
  }
}