{
  "type": "minecraft:chest",
  "pools": [
    {
      "bonus_rolls": 0.0,
      "entries": [
        {
          "type": "minecraft:item",
          "name": "minecraft:enchanted_golden_apple",
          "weight": 3
        },
        {
          "type": "minecraft:item",
          "name": "minecraft:flow_armor_trim_smithing_template",
          "weight": 3
        },
        {
          "type": "minecraft:item",
          "name": "minecraft:flow_banner_pattern",
          "weight": 2
        },
        {
          "type": "minecraft:item",
          "name": "minecraft:music_disc_creator"
        },
        {
          "type": "minecraft:item",
          "name": "minecraft:heavy_core"
        }
      ],
      "rolls": 1.0
    },
    {
      "rolls": 2,
      "bonus_rolls": 0,
      "entries": [
        {
          "type": "minecraft:item",
          "name": "minecraft:structure_void",
          "functions": [
            {
              "function": "minecraft:set_custom_model_data",
              "value": 100
            },
            {
              "function": "minecraft:set_custom_data",
              "tag": {
                "type":"vault"
              }
            }
          ],
          "weight": 1,
          "conditions": [
            {
              "condition": "minecraft:random_chance",
              "chance": 0.5
            }
          ]
        }
      ]
    },
    {
      "rolls": 2,
      "entries": [
        {
          "type": "minecraft:loot_table",
          "value": "roguecraft:scrolls",
          "weight": 10,
          "conditions": [
            {
              "condition": "minecraft:random_chance",
              "chance": 0.4
            }
          ]
        }
      ]
    }
  ],
  "random_sequence": "minecraft:chests/trial_chambers/reward_ominous_unique"
}