{
    "criteria": {
      "entered_nether": {
        "conditions": {
          "to": "minecraft:the_nether",
          "player": {
            "type_specific": {
              "type": "minecraft:player",
              "gamemode": [
                "survival",
                "creative",
                "adventure"
              ]
            }
          }
        },
        "trigger": "minecraft:changed_dimension"
      }
    },   
    "rewards": {
      "function": "roguecraft:listeners/enter_nether"
    }
  }