{
  "type": "minecraft:chest",
  "pools": [
    {
      "bonus_rolls": 0.0,
      "entries": [
        {
          "type": "minecraft:item",
          "functions": [
            {
              "effects": [
                {
                  "type": "minecraft:night_vision",
                  "duration": {
                    "type": "minecraft:uniform",
                    "max": 10.0,
                    "min": 7.0
                  }
                },
                {
                  "type": "minecraft:blindness",
                  "duration": {
                    "type": "minecraft:uniform",
                    "max": 7.0,
                    "min": 5.0
                  }
                }
              ],
              "function": "minecraft:set_stew_effect"
            },
            {
              "add": false,
              "count": {
                "type": "minecraft:uniform",
                "max": 6.0,
                "min": 2.0
              },
              "function": "minecraft:set_count"
            }
          ],
          "name": "minecraft:suspicious_stew"
        },
        {
          "type": "minecraft:item",
          "functions": [
            {
              "add": false,
              "count": {
                "type": "minecraft:uniform",
                "max": 10.0,
                "min": 1.0
              },
              "function": "minecraft:set_count"
            }
          ],
          "name": "minecraft:golden_carrot"
        },
        {
          "type": "minecraft:item",
          "functions": [
            {
              "add": false,
              "count": {
                "type": "minecraft:uniform",
                "max": 10.0,
                "min": 1.0
              },
              "function": "minecraft:set_count"
            }
          ],
          "name": "minecraft:baked_potato"
        },
        {
          "type": "minecraft:item",
          "functions": [
            {
              "add": false,
              "count": {
                "type": "minecraft:uniform",
                "max": 6.0,
                "min": 2.0
              },
              "function": "minecraft:set_count"
            }
          ],
          "name": "minecraft:packed_ice",
          "weight": 2
        },
        {
          "type": "minecraft:item",
          "functions": [
            {
              "add": false,
              "count": {
                "type": "minecraft:uniform",
                "max": 6.0,
                "min": 2.0
              },
              "function": "minecraft:set_count"
            }
          ],
          "name": "minecraft:snowball",
          "weight": 4
        }
      ],
      "rolls": {
        "type": "minecraft:uniform",
        "max": 10.0,
        "min": 4.0
      }
    },
    {
      "rolls": 2,
      "bonus_rolls": 0,
      "entries": [
        {
          "type": "minecraft:item",
          "name": "minecraft:structure_void",
          "functions": [
            {
              "function": "minecraft:set_custom_model_data",
              "value": 100
            },
            {
              "function": "minecraft:set_custom_data",
              "tag": {
                "type":"loot"
              }
            }
          ],
          "weight": 1,
          "conditions": [
            {
              "condition": "minecraft:random_chance",
              "chance": 0.25
            }
          ]
        }
      ]
    },
    {
      "rolls": 2,
      "entries": [
        {
          "type": "minecraft:loot_table",
          "value": "roguecraft:scrolls",
          "weight": 10,
          "conditions": [
            {
              "condition": "minecraft:random_chance",
              "chance": 0.4
            }
          ]
        }
      ]
    }
  ],
  "random_sequence": "minecraft:chests/ancient_city_ice_box"
}