{
    "TransportData": [
    ],
    "NpcsTimers": [
    ],
    "FactionData": [
        {
            "Points": 2000,
            "Faction": 0
        },
        {
            "Points": 1000,
            "Faction": 1
        }
    ],
    "BankData": [
    ],
    "ItemGiversList": [
    ],
    "AllowAnimation": 0b,
    "DBCInfo": {
        "CurrentForm": -1,
        "SelectedDBCForm": -1,
        "UnlockedForms": [
        ],
        "CurrentAura": -1,
        "SelectedForm": -1,
        "UnlockedAuras": [
        ],
        "FormWheel3": {
            "formID": -1,
            "isDBC": 0b,
            "slot": 3
        },
        "FormWheel4": {
            "formID": -1,
            "isDBC": 0b,
            "slot": 4
        },
        "SelectedAura": -1,
        "FormTimers": [
        ],
        "FormWheel5": {
            "formID": -1,
            "isDBC": 0b,
            "slot": 5
        },
        "addonActiveEffects": [
        ],
        "FormWheel0": {
            "formID": -1,
            "isDBC": 0b,
            "slot": 0
        },
        "FormWheel1": {
            "formID": -1,
            "isDBC": 0b,
            "slot": 1
        },
        "FormWheel2": {
            "formID": -1,
            "isDBC": 0b,
            "slot": 2
        },
        "FormMastery": [
        ]
    },
    "QuestData": {
        "CompletedQuests": [
        ],
        "ActiveQuests": [
        ]
    },
    "PlayerCompanionId": 0,
    "DialogData": [
    ],
    "ItemGiverChained": [
    ],
    "SkinOverlayData": [
    ],
    "isGUIOpen": 0b,
    "MailData": [
    ],
    "PlayerName": "TheHalfBunnyYT",
    "UUID": "1316fb8a-77be-385d-82b3-15350c8ee35c",
    "TrackedQuestID": -1
}
