{
    "TransportData": [
    ],
    "NpcsTimers": [
    ],
    "FactionData": [
    ],
    "BankData": [
    ],
    "ItemGiversList": [
    ],
    "AllowAnimation": 0b,
    "DBCInfo": {
        "CurrentForm": -1,
        "SelectedDBCForm": -1,
        "UnlockedForms": [
        ],
        "CurrentAura": -1,
        "SelectedForm": -1,
        "UnlockedAuras": [
        ],
        "FormWheel3": {
            "formID": -1,
            "isDBC": 0b,
            "slot": 3
        },
        "FormWheel4": {
            "formID": -1,
            "isDBC": 0b,
            "slot": 4
        },
        "SelectedAura": -1,
        "FormTimers": [
        ],
        "FormWheel5": {
            "formID": -1,
            "isDBC": 0b,
            "slot": 5
        },
        "addonActiveEffects": [
        ],
        "FormWheel0": {
            "formID": -1,
            "isDBC": 0b,
            "slot": 0
        },
        "FormWheel1": {
            "formID": -1,
            "isDBC": 0b,
            "slot": 1
        },
        "FormWheel2": {
            "formID": -1,
            "isDBC": 0b,
            "slot": 2
        },
        "FormMastery": [
        ]
    },
    "QuestData": {
        "CompletedQuests": [
        ],
        "ActiveQuests": [
        ]
    },
    "PlayerCompanionId": 0,
    "DialogData": [
    ],
    "ItemGiverChained": [
    ],
    "SkinOverlayData": [
    ],
    "isGUIOpen": 0b,
    "MailData": [
    ],
    "PlayerName": "Gabetis21",
    "UUID": "538bf2e8-b32c-33bd-a09f-9076922e6124",
    "TrackedQuestID": -1
}
