{
  "worldZones": {
    "-1": {
      "dimensionID": -1,
      "areaZones": [],
      "id": 7,
      "playerPermissions": {},
      "groupPermissions": {}
    },
    "0": {
      "dimensionID": 0,
      "areaZones": [],
      "id": 9,
      "playerPermissions": {},
      "groupPermissions": {}
    },
    "1": {
      "dimensionID": 1,
      "areaZones": [],
      "id": 6,
      "playerPermissions": {},
      "groupPermissions": {}
    },
    "20": {
      "dimensionID": 20,
      "areaZones": [],
      "id": 3,
      "playerPermissions": {},
      "groupPermissions": {}
    },
    "21": {
      "dimensionID": 21,
      "areaZones": [],
      "id": 2,
      "playerPermissions": {},
      "groupPermissions": {}
    },
    "22": {
      "dimensionID": 22,
      "areaZones": [],
      "id": 8,
      "playerPermissions": {},
      "groupPermissions": {}
    },
    "23": {
      "dimensionID": 23,
      "areaZones": [],
      "id": 5,
      "playerPermissions": {},
      "groupPermissions": {}
    },
    "24": {
      "dimensionID": 24,
      "areaZones": [],
      "id": 4,
      "playerPermissions": {},
      "groupPermissions": {}
    }
  },
  "maxZoneID": 9,
  "playerGroups": {},
  "id": 1,
  "playerPermissions": {
    "(fefefefe-fefe-fefe-fefe-fefefefefefe|$SERVER)": {
      "*": "true",
      "fe.internal.player.known": "true"
    },
    "(538bf2e8-b32c-33bd-a09f-9076922e6124|Gabetis21)": {
      "fe.internal.player.known": "true"
    },
    "(fefefefe-fefe-fefe-fefe-fefefefefeec|$FE_ECONOMY)": {
      "fe.economy.command.wallet.*": "true",
      "command.give": "true",
      "fe.internal.player.known": "true"
    },
    "(fefefefe-fefe-fefe-fefe-fefefefefecc|$RCON)": {
      "*": "true",
      "fe.internal.player.known": "true"
    },
    "(fefefefe-fefe-fefe-fefe-fefefefefecb|$COMMANDBLOCK)": {
      "*": "true",
      "fe.internal.player.known": "true"
    },
    "(1316fb8a-77be-385d-82b3-15350c8ee35c|TheHalfBunnyYT)": {
      "fe.internal.player.known": "true"
    }
  },
  "groupPermissions": {
    "_PLAYERS_": {
      "fe.remote.chat.send": "true",
      "fe.internal.group.priority": "1",
      "fe.internal.group": "true"
    },
    "_NPC_": {
      "fe.internal.group.name": "NPCs",
      "fe.internal.group.priority": "1",
      "fe.internal.group": "true"
    },
    "_FAKEPLAYERS_": {
      "fe.internal.group.priority": "15",
      "fe.internal.group": "true",
      "fe.protection.*": "true"
    },
    "_OPS_": {
      "fe.internal.prefix": "[\u0026cOP\u0026f]",
      "fe.internal.group.priority": "50",
      "fe.internal.group": "true"
    },
    "_ALL_": {
      "fe.remote.chat.send": "false",
      "some.test.permission": "true",
      "fe.internal.group.name": "players",
      "fe.internal.group.priority": "0",
      "fe.internal.group": "true"
    },
    "_CREATIVE_": {
      "fe.internal.group": "true"
    },
    "faction_rank_owner": {
      "fe.faction.members.*": "true",
      "fe.faction.leave": "false",
      "fe.faction.ally": "true",
      "fe.faction.friendlyfire": "true",
      "fe.faction.invite": "true",
      "fe.internal.group.priority": "18",
      "fe.internal.group.parents": "faction_rank_op",
      "fe.faction.delete": "true"
    },
    "faction_rank_op": {
      "fe.faction.members.*": "true",
      "fe.faction.ally": "true",
      "fe.faction.friendlyfire": "true",
      "fe.faction.invite": "true",
      "fe.internal.group.priority": "16"
    },
    "_ADVENTURE_": {
      "fe.internal.group": "true"
    },
    "_GUESTS_": {
      "fe.internal.prefix": "[GUEST]",
      "fe.internal.group.priority": "10",
      "fe.internal.group": "true"
    }
  }
}