{
    "display": {
        "title": {
            "translate": "advancements.adventure.hero_of_the_village.title"
        },
        "description": {
            "translate": "roguecraft.advancement.description.hero_of_the_village",
            "color": "green"
        },
        "icon": {
            "count": 1,
            "id": "minecraft:stick",
            "components": {
                "minecraft:custom_model_data": 29
            }
        },
        "frame": "task",
        "show_toast": true,
        "announce_to_chat": true,
        "hidden": false
    },
    "criteria": {
        "granted": {
            "trigger": "minecraft:impossible"
        }
    },
    "parent": "roguecraft:progression/root"
}