{
    "display": {
        "title": {
            "translate": "roguecraft.advancement.name.root_progression"
        },
        "description": {
            "translate": "roguecraft.advancement.description.root_progression",
            "color": "green"
        },
        "icon": {
            "count": 1,
            "id": "minecraft:warped_fungus_on_a_stick",
            "components": {
                "minecraft:custom_model_data": 3,
                "minecraft:enchantment_glint_override": true
            }
        },
        "frame": "task",
        "show_toast": true,
        "announce_to_chat": false,
        "hidden": false,
        "background": "minecraft:textures/block/black_concrete.png"
    },
    "criteria": {
        "granted": {
            "trigger": "minecraft:impossible"
        }
    }
}