{
    "display": {
        "title": {
            "translate": "roguecraft.advancement.name.run_complete"
        },
        "description": {
            "translate": "roguecraft.advancement.description.run_complete",
            "color": "green"
        },
        "icon": {
            "count": 1,
            "id": "minecraft:stick",
            "components": {
                "minecraft:custom_model_data": 16
            }
        },
        "frame": "task",
        "show_toast": true,
        "announce_to_chat": true,
        "hidden": false
    },
    "criteria": {
        "granted": {
            "trigger": "minecraft:impossible"
        }
    },
    "parent": "roguecraft:progression/wildfire"
}