{
    "display": {
        "title": {
            "translate": "roguecraft.advancement.name.wildfire"
        },
        "description": {
            "translate": "roguecraft.advancement.description.wildfire",
            "color": "green"
        },
        "icon": {
            "count": 1,
            "id": "minecraft:stick",
            "components": {
                "minecraft:custom_model_data": 20
            }
        },
        "frame": "task",
        "show_toast": true,
        "announce_to_chat": true,
        "hidden": false
    },
    "criteria": {
        "granted": {
            "trigger": "minecraft:impossible"
        }
    },
    "parent": "roguecraft:progression/root"
}