{
  "parent": "minecraft:husbandry/root",
  "criteria": {
    "make_a_sign_glow": {
      "conditions": {
        "location": [
          {
            "condition": "minecraft:location_check",
            "predicate": {
              "block": {
                "blocks": "#minecraft:all_signs"
              }
            }
          },
          {
            "condition": "minecraft:match_tool",
            "predicate": {
              "items": "minecraft:glow_ink_sac"
            }
          }
        ]
      },
      "trigger": "minecraft:item_used_on_block"
    }
  },
  "display": {
    "announce_to_chat": true,
    "description": {
      "translate": "advancements.husbandry.make_a_sign_glow.description"
    },
    "icon": {
      "count": 1,
      "id": "minecraft:glow_ink_sac"
    },
    "title": {
      "translate": "advancements.husbandry.make_a_sign_glow.title"
    }
  },
  "requirements": [
    [
      "make_a_sign_glow"
    ]
  ],
  "sends_telemetry_event": true,
  "rewards": {
    "function": "roguecraft:skillpoints/advancement_normal"
  }
}