{
  "parent": "minecraft:nether/brew_potion",
  "criteria": {
    "all_effects": {
      "conditions": {
        "effects": {
          "minecraft:fire_resistance": {},
          "minecraft:infested": {},
          "minecraft:invisibility": {},
          "minecraft:jump_boost": {},
          "minecraft:night_vision": {},
          "minecraft:oozing": {},
          "minecraft:poison": {},
          "minecraft:regeneration": {},
          "minecraft:resistance": {},
          "minecraft:slow_falling": {},
          "minecraft:slowness": {},
          "minecraft:speed": {},
          "minecraft:strength": {},
          "minecraft:water_breathing": {},
          "minecraft:weakness": {},
          "minecraft:weaving": {},
          "minecraft:wind_charged": {}
        },
        "player": {
          "type_specific": {
            "type": "minecraft:player",
            "gamemode": [
              "survival",
              "creative",
              "adventure"
            ]
          }
        }
      },
      "trigger": "minecraft:effects_changed"
    }
  },
  "display": {
    "announce_to_chat": true,
    "description": {
      "translate": "advancements.nether.all_potions.description"
    },
    "frame": "challenge",
    "icon": {
      "count": 1,
      "id": "minecraft:milk_bucket"
    },
    "title": {
      "translate": "advancements.nether.all_potions.title"
    }
  },
  "requirements": [
    [
      "all_effects"
    ]
  ],
  "rewards": {
    "experience": 100,
    "function": "roguecraft:skillpoints/advancement_challenge"
  },
  "sends_telemetry_event": true
}