{
  "parent": "minecraft:nether/summon_wither",
  "criteria": {
    "beacon": {
      "conditions": {
        "level": {
          "min": 1
        },
        "player": {
          "type_specific": {
            "type": "minecraft:player",
            "gamemode": [
              "survival",
              "creative",
              "adventure"
            ]
          }
        }
      },
      "trigger": "minecraft:construct_beacon"
    }
  },
  "display": {
    "announce_to_chat": true,
    "description": {
      "translate": "advancements.nether.create_beacon.description"
    },
    "icon": {
      "count": 1,
      "id": "minecraft:beacon"
    },
    "title": {
      "translate": "advancements.nether.create_beacon.title"
    }
  },
  "requirements": [
    [
      "beacon"
    ]
  ],
  "sends_telemetry_event": true,
  "rewards": {
    "function": "roguecraft:skillpoints/advancement_normal"
  }
}