{
  "parent": "minecraft:nether/root",
  "criteria": {
    "travelled": {
      "conditions": {
        "distance": {
          "horizontal": {
            "min": 7000.0
          }
        },
        "player": {
          "type_specific": {
            "type": "minecraft:player",
            "gamemode": [
              "survival",
              "creative",
              "adventure"
            ]
          }
        }
      },
      "trigger": "minecraft:nether_travel"
    }
  },
  "display": {
    "announce_to_chat": true,
    "description": {
      "translate": "advancements.nether.fast_travel.description"
    },
    "frame": "challenge",
    "icon": {
      "count": 1,
      "id": "minecraft:map"
    },
    "title": {
      "translate": "advancements.nether.fast_travel.title"
    }
  },
  "requirements": [
    [
      "travelled"
    ]
  ],
  "rewards": {
    "experience": 100,
    "function": "roguecraft:skillpoints/advancement_challenge"
  },
  "sends_telemetry_event": true
}