{
    "type": "minecraft:archaeology",
    "pools": [
      {
        "bonus_rolls": 0,
        "entries": [
          {
            "type": "minecraft:item",
            "name": "minecraft:archer_pottery_sherd"
          },
          {
            "type": "minecraft:item",
            "name": "minecraft:miner_pottery_sherd"
          },
          {
            "type": "minecraft:item",
            "name": "minecraft:prize_pottery_sherd"
          },
          {
            "type": "minecraft:item",
            "name": "minecraft:skull_pottery_sherd"
          },
          {
            "type": "minecraft:item",
            "name": "minecraft:diamond"
          },
          {
            "type": "minecraft:item",
            "name": "minecraft:tnt"
          },
          {
            "type": "minecraft:item",
            "name": "minecraft:gunpowder"
          },
          {
            "type": "minecraft:item",
            "name": "minecraft:emerald"
          },
          {
            "type": "minecraft:item",
            "name": "minecraft:structure_void",
            "functions": [
              {
                "function": "minecraft:set_custom_model_data",
                "value": 100
              },
              {
                "function": "minecraft:set_custom_data",
                "tag": {
                  "type":"archaeology"
                }
              }
            ],
            "weight": 1
          }
        ],
        "rolls": 1
      }
    ],
    "random_sequence": "minecraft:archaeology/desert_pyramid"
  }