{
    "type": "minecraft:archaeology",
    "pools": [
      {
        "bonus_rolls": 0,
        "entries": [
          {
            "type": "minecraft:item",
            "name": "minecraft:angler_pottery_sherd"
          },
          {
            "type": "minecraft:item",
            "name": "minecraft:shelter_pottery_sherd"
          },
          {
            "type": "minecraft:item",
            "name": "minecraft:snort_pottery_sherd"
          },
          {
            "type": "minecraft:item",
            "name": "minecraft:sniffer_egg"
          },
          {
            "type": "minecraft:item",
            "name": "minecraft:iron_axe"
          },
          {
            "type": "minecraft:item",
            "name": "minecraft:emerald",
            "weight": 2
          },
          {
            "type": "minecraft:item",
            "name": "minecraft:wheat",
            "weight": 2
          },
          {
            "type": "minecraft:item",
            "name": "minecraft:wooden_hoe",
            "weight": 2
          },
          {
            "type": "minecraft:item",
            "name": "minecraft:coal",
            "weight": 2
          },
          {
            "type": "minecraft:item",
            "name": "minecraft:gold_nugget",
            "weight": 2
          },
          {
            "type": "minecraft:item",
            "name": "minecraft:structure_void",
            "functions": [
              {
                "function": "minecraft:set_custom_model_data",
                "value": 100
              },
              {
                "function": "minecraft:set_custom_data",
                "tag": {
                  "type":"archaeology"
                }
              }
            ],
            "weight": 2
          }
        ],
        "rolls": 1
      }
    ],
    "random_sequence": "minecraft:archaeology/ocean_ruin_warm"
  }