{
    "type": "minecraft:archaeology",
    "pools": [
      {
        "bonus_rolls": 0,
        "entries": [
          {
            "type": "minecraft:item",
            "name": "minecraft:burn_pottery_sherd"
          },
          {
            "type": "minecraft:item",
            "name": "minecraft:danger_pottery_sherd"
          },
          {
            "type": "minecraft:item",
            "name": "minecraft:friend_pottery_sherd"
          },
          {
            "type": "minecraft:item",
            "name": "minecraft:heart_pottery_sherd"
          },
          {
            "type": "minecraft:item",
            "name": "minecraft:heartbreak_pottery_sherd"
          },
          {
            "type": "minecraft:item",
            "name": "minecraft:howl_pottery_sherd"
          },
          {
            "type": "minecraft:item",
            "name": "minecraft:sheaf_pottery_sherd"
          },
          {
            "type": "minecraft:item",
            "name": "minecraft:wayfinder_armor_trim_smithing_template"
          },
          {
            "type": "minecraft:item",
            "name": "minecraft:raiser_armor_trim_smithing_template"
          },
          {
            "type": "minecraft:item",
            "name": "minecraft:shaper_armor_trim_smithing_template"
          },
          {
            "type": "minecraft:item",
            "name": "minecraft:host_armor_trim_smithing_template"
          },
          {
            "type": "minecraft:item",
            "name": "minecraft:music_disc_relic"
          },
          {
            "type": "minecraft:item",
            "name": "minecraft:structure_void",
            "functions": [
              {
                "function": "minecraft:set_custom_model_data",
                "value": 100
              },
              {
                "function": "minecraft:set_custom_data",
                "tag": {
                  "type":"archaeology"
                }
              }
            ]
          }
        ],
        "rolls": 1
      }
    ],
    "random_sequence": "minecraft:archaeology/trail_ruins_rare"
  }