{
  "parent": "minecraft:end/find_end_city",
  "criteria": {
    "levitated": {
      "conditions": {
        "distance": {
          "y": {
            "min": 50.0
          }
        }
      },
      "trigger": "minecraft:levitation"
    }
  },
  "display": {
    "announce_to_chat": true,
    "description": {
      "translate": "advancements.end.levitate.description"
    },
    "frame": "challenge",
    "icon": {
      "count": 1,
      "id": "minecraft:shulker_shell"
    },
    "title": {
      "translate": "advancements.end.levitate.title"
    }
  },
  "requirements": [
    [
      "levitated"
    ]
  ],
  "rewards": {
    "experience": 50,
    "function": "roguecraft:skillpoints/advancement_challenge"
  },
  "sends_telemetry_event": true
}