{"stats":{"minecraft:crafted":{"minecraft:furnace":2,"sophisticatedbackpacks:copper_backpack":1,"minecraft:iron_axe":1,"minecraft:chest":1,"minecraft:wheat":36,"sophisticatedbackpacks:iron_backpack":1,"sophisticatedbackpacks:backpack":1,"minecraft:crafting_table":2,"minecraft:spruce_planks":28,"minecraft:copper_ingot":8,"minecraft:bread":12,"minecraft:air":0,"minecraft:iron_chestplate":1,"minecraft:diamond_pickaxe":1,"minecraft:stick":4,"minecraft:iron_ingot":21,"minecraft:iron_pickaxe":3},"minecraft:mined":{"minecraft:oak_sapling":1,"minecraft:mossy_cobblestone":3,"minecraft:deepslate_diamond_ore":6,"minecraft:ladder":1,"minecraft:granite":6,"gravestone:gravestone":7,"biomesoplenty:bush":1,"minecraft:grass_block":3,"minecraft:cartography_table":1,"minecraft:hay_block":5,"minecraft:furnace":2,"minecraft:iron_ore":84,"minecraft:andesite":21,"minecraft:deepslate_lapis_ore":12,"minecraft:sculk_shrieker":1,"minecraft:polished_deepslate":4,"minecraft:bookshelf":47,"minecraft:deepslate_iron_ore":58,"minecraft:stone":96,"minecraft:podzol":1,"minecraft:glass_pane":2,"minecraft:clay":4,"minecraft:crafting_table":11,"minecraft:torch":13,"minecraft:blast_furnace":4,"minecraft:calcite":1,"biomesoplenty:fir_planks":3,"minecraft:chest":1,"minecraft:lectern":1,"minecraft:glass":2,"minecraft:cobblestone":19,"minecraft:copper_ore":11,"minecraft:tall_grass":1,"biomesoplenty:sprout":5,"minecraft:lapis_ore":17,"minecraft:deepslate_gold_ore":14,"minecraft:iron_door":1,"minecraft:diorite":11,"minecraft:blue_bed":2,"minecraft:wall_torch":19,"minecraft:spruce_stairs":1,"minecraft:purple_bed":2,"minecraft:mud":1,"minecraft:sweet_berry_bush":8,"minecraft:spruce_log":8,"minecraft:grass":15,"minecraft:coal_ore":53,"minecraft:oak_log":4,"minecraft:sunflower":1,"minecraft:gravel":1,"minecraft:dirt":34,"minecraft:stone_bricks":4,"minecraft:gold_ore":11,"minecraft:oak_leaves":10,"minecraft:deepslate":15,"minecraft:fern":5},"minecraft:used":{"minecraft:iron_shovel":42,"minecraft:tropical_fish":2,"minecraft:chest":1,"minecraft:iron_sword":1,"minecraft:iron_chestplate":1,"minecraft:torch":31,"vtaw_mw:netherite_greataxe":6,"minecraft:dirt":12,"minecraft:carrot":2,"minecraft:granite":1,"minecraft:lava_bucket":1,"minecraft:iron_axe":285,"minecraft:iron_helmet":1,"vtaw_mw:netherite_longsword":15,"minecraft:furnace":2,"minecraft:cooked_beef":16,"minecraft:potato":3,"minecraft:cobbled_deepslate":1,"minecraft:stone_pickaxe":18,"minecraft:cactus":2,"minecraft:blue_bed":2,"minecraft:sand":2,"minecraft:crafting_table":12,"minecraft:blast_furnace":4,"minecraft:diamond_pickaxe":56,"minecraft:apple":2,"vtaw_mw:netherite_katana":23,"minecraft:bread":30,"minecraft:iron_pickaxe":391,"minecraft:suspicious_stew":2,"undead_revamp2:chainsword":39,"minecraft:deepslate":13,"minecraft:stone_axe":17,"minecraft:cobblestone":33,"minecraft:chainmail_boots":1,"minecraft:andesite":5,"alexsmobs:animal_dictionary":2,"minecraft:experience_bottle":1},"minecraft:killed":{"born_in_chaos_v1:zombie_clown":1,"undead_revamp2:bigsucker":1,"undead_revamp2:thehunter":1,"minecraft:witch":1,"undead_revamp2:theimmortal":1,"born_in_chaos_v1:zombie_lumberjack":1,"undead_revamp2:thegliter":2,"born_in_chaos_v1:restless_spirit":1,"born_in_chaos_v1:zombie_clown_not_despawn":1,"undead_revamp2:clogger":1,"undead_revamp2:bomber":1,"born_in_chaos_v1:siamese_skeletonsright":1,"born_in_chaos_v1:maggot":1,"minecraft:skeleton":7,"undead_revamp2:deadclogger":1,"arphex:spider_lurker":1,"born_in_chaos_v1:skeleton_thrasher":2,"undead_revamp2:thebidy":3,"born_in_chaos_v1:corpse_fish":1,"arphex:ant_arsonist":1,"undead_revamp2:thepregnant":1,"undead_revamp2:sucker":1,"born_in_chaos_v1:barrel_zombie":1,"born_in_chaos_v1:swarmer":1,"undead_revamp2:the_moonflower":4,"minecraft:iron_golem":1,"born_in_chaos_v1:decrepit_skeleton":5,"minecraft:sheep":1,"undead_revamp2:thesomnolence":3,"minecraft:zombie":10,"born_in_chaos_v1:corpse_fly":3,"born_in_chaos_v1:door_knight":1,"born_in_chaos_v1:siamese_skeletonsleft":1},"minecraft:picked_up":{"minecraft:mud":1,"minecraft:crafting_table":11,"minecraft:iron_trapdoor":2,"minecraft:ladder":3,"minecraft:brown_mushroom":1,"gravestone:obituary":5,"minecraft:polished_deepslate":2,"minecraft:string":2,"minecraft:raw_copper":33,"minecraft:iron_axe":2,"born_in_chaos_v1:intoxicating_decoction":4,"minecraft:pufferfish":1,"minecraft:experience_bottle":2,"minecraft:gold_nugget":4,"minecraft:cobbled_deepslate":8,"biomesoplenty:fir_planks":3,"minecraft:iron_nugget":3,"minecraft:poppy":2,"minecraft:iron_pickaxe":3,"minecraft:lectern":1,"minecraft:chest":1,"minecraft:mangrove_log":1,"minecraft:furnace":1,"minecraft:stick":5,"minecraft:raw_iron":181,"born_in_chaos_v1:shattered_skull":1,"minecraft:copper_ingot":8,"minecraft:torch":45,"minecraft:spruce_stairs":1,"minecraft:diorite":3,"born_in_chaos_v1:pieceofdarkmetal":1,"minecraft:carrot":1,"undead_revamp2:cloogerribs":39,"minecraft:arrow":8,"minecraft:rotten_flesh":43,"minecraft:tropical_fish":3,"minecraft:hay_block":4,"minecraft:gold_ingot":1,"minecraft:glow_berries":1,"minecraft:snowball":9,"minecraft:cobblestone":101,"born_in_chaos_v1:fused_bone":2,"born_in_chaos_v1:corpse_maggot":7,"minecraft:cooked_beef":65,"minecraft:iron_door":1,"born_in_chaos_v1:monster_flesh":2,"minecraft:andesite":12,"minecraft:leather":62,"minecraft:fern":1,"biomesoplenty:glowshroom":1,"biomesoplenty:fir_sapling":1,"minecraft:oak_log":6,"minecraft:lapis_lazuli":190,"minecraft:blue_bed":3,"minecraft:dirt":43,"minecraft:bone":21,"minecraft:apple":2,"minecraft:stone_bricks":5,"minecraft:kelp":1,"minecraft:bow":1,"minecraft:wheat_seeds":3,"minecraft:raw_gold":25,"arphex:burning_glands":1,"minecraft:iron_ingot":7,"minecraft:stone_pickaxe":1,"minecraft:book":134,"minecraft:sweet_berries":18,"born_in_chaos_v1:ethereal_spirit":1,"minecraft:gravel":1,"minecraft:spruce_sapling":4,"minecraft:blast_furnace":5,"minecraft:spruce_log":7,"minecraft:spruce_door":1,"minecraft:mossy_cobblestone":3,"minecraft:purple_bed":1,"minecraft:slime_ball":21,"born_in_chaos_v1:fire_dust":1,"minecraft:diamond":6,"minecraft:stone_axe":1,"minecraft:granite":5,"born_in_chaos_v1:rotten_fish":1,"minecraft:oak_sapling":4,"minecraft:coal":81,"minecraft:sunflower":1},"minecraft:killed_by":{"minecraft:player":2,"man:managgresive":1,"apollyon:the_damned":1},"minecraft:custom":{"minecraft:interact_with_smithing_table":3,"minecraft:interact_with_anvil":2,"minecraft:mob_kills":67,"minecraft:interact_with_crafting_table":25,"minecraft:open_barrel":29,"minecraft:bell_ring":3,"minecraft:damage_dealt_resisted":1874,"minecraft:leave_game":4,"minecraft:time_since_death":28531,"minecraft:climb_one_cm":9335,"minecraft:sprint_one_cm":314863,"minecraft:walk_one_cm":333577,"minecraft:drop":101,"minecraft:talked_to_villager":3,"minecraft:play_time":185727,"minecraft:deaths":7,"minecraft:sneak_time":11534,"minecraft:walk_under_water_one_cm":10633,"minecraft:interact_with_lectern":5,"minecraft:jump":3658,"minecraft:interact_with_blast_furnace":12,"minecraft:walk_on_water_one_cm":11729,"minecraft:total_world_time":185727,"minecraft:interact_with_furnace":19,"minecraft:sleep_in_bed":3,"minecraft:time_since_rest":28566,"minecraft:damage_taken":4943,"minecraft:damage_dealt":18229,"minecraft:swim_one_cm":8084,"minecraft:fly_one_cm":830526,"minecraft:open_chest":41,"minecraft:crouch_one_cm":24443,"minecraft:interact_with_smoker":1,"minecraft:fall_one_cm":124419},"minecraft:dropped":{"minecraft:iron_ingot":1,"minecraft:wheat_seeds":3,"born_in_chaos_v1:shattered_skull":1,"born_in_chaos_v1:mint_candy":2,"minecraft:cooked_beef":65,"minecraft:oak_log":4,"minecraft:mossy_cobblestone":3,"minecraft:book":45,"minecraft:glow_berries":1,"minecraft:granite":4,"minecraft:copper_ingot":9,"minecraft:spruce_stairs":1,"minecraft:coal":1,"biomesoplenty:fir_sapling":1,"minecraft:cod":4,"born_in_chaos_v1:monster_flesh":2,"minecraft:diorite":3,"minecraft:iron_trapdoor":2,"born_in_chaos_v1:fused_bone":4,"minecraft:map":2,"gravestone:obituary":12,"minecraft:iron_axe":1,"minecraft:mud":1,"minecraft:iron_pickaxe":4,"minecraft:string":1,"minecraft:blue_bed":1,"minecraft:spruce_sapling":4,"minecraft:compass":1,"minecraft:iron_nugget":3,"alexsmobs:animal_dictionary":1,"minecraft:cobbled_deepslate":3,"minecraft:bowl":2,"minecraft:experience_bottle":1,"minecraft:beetroot":3,"minecraft:rotten_flesh":19,"minecraft:fern":1,"minecraft:blast_furnace":1,"undead_revamp2:cloogerribs":39,"minecraft:poppy":2,"biomesoplenty:fir_planks":3,"minecraft:mangrove_log":1,"minecraft:andesite":7,"born_in_chaos_v1:corpse_maggot":7,"minecraft:purple_bed":1,"minecraft:ladder":2,"minecraft:oak_sapling":4,"minecraft:stone_bricks":2,"minecraft:arrow":5,"minecraft:stone_pickaxe":1,"minecraft:raw_gold":2}},"DataVersion":3465}