{"stats":{"minecraft:crafted":{"minecraft:furnace":1,"sophisticatedbackpacks:copper_backpack":1,"minecraft:chest":1,"minecraft:wheat":36,"sophisticatedbackpacks:iron_backpack":1,"sophisticatedbackpacks:backpack":1,"minecraft:crafting_table":2,"minecraft:spruce_planks":28,"minecraft:copper_ingot":8,"minecraft:bread":12,"minecraft:air":0,"minecraft:stick":4,"minecraft:iron_ingot":4,"minecraft:iron_pickaxe":2},"minecraft:mined":{"minecraft:oak_sapling":1,"minecraft:mossy_cobblestone":3,"minecraft:granite":6,"gravestone:gravestone":6,"biomesoplenty:bush":1,"minecraft:grass_block":3,"minecraft:cartography_table":1,"minecraft:hay_block":5,"minecraft:furnace":1,"minecraft:iron_ore":20,"minecraft:andesite":18,"minecraft:deepslate_lapis_ore":4,"minecraft:sculk_shrieker":1,"minecraft:polished_deepslate":2,"minecraft:bookshelf":17,"minecraft:deepslate_iron_ore":26,"minecraft:stone":73,"minecraft:podzol":1,"minecraft:glass_pane":1,"minecraft:clay":4,"minecraft:crafting_table":7,"minecraft:torch":5,"minecraft:blast_furnace":2,"minecraft:calcite":1,"biomesoplenty:fir_planks":3,"minecraft:chest":1,"minecraft:lectern":1,"minecraft:cobblestone":19,"minecraft:copper_ore":11,"minecraft:tall_grass":1,"biomesoplenty:sprout":5,"minecraft:lapis_ore":3,"minecraft:deepslate_gold_ore":6,"minecraft:diorite":11,"minecraft:blue_bed":2,"minecraft:wall_torch":16,"minecraft:spruce_stairs":1,"minecraft:purple_bed":2,"minecraft:sweet_berry_bush":8,"minecraft:spruce_log":8,"minecraft:grass":10,"minecraft:coal_ore":36,"minecraft:oak_log":4,"minecraft:sunflower":1,"minecraft:dirt":34,"minecraft:stone_bricks":2,"minecraft:gold_ore":2,"minecraft:oak_leaves":10,"minecraft:deepslate":12,"minecraft:fern":5},"minecraft:used":{"minecraft:iron_shovel":42,"minecraft:tropical_fish":2,"minecraft:chest":1,"minecraft:iron_sword":1,"minecraft:torch":20,"vtaw_mw:netherite_greataxe":6,"minecraft:dirt":12,"minecraft:carrot":2,"minecraft:granite":1,"minecraft:lava_bucket":1,"minecraft:iron_axe":152,"minecraft:iron_helmet":1,"vtaw_mw:netherite_longsword":15,"minecraft:furnace":1,"minecraft:cooked_beef":4,"minecraft:potato":3,"minecraft:stone_pickaxe":18,"minecraft:cactus":2,"minecraft:blue_bed":2,"minecraft:sand":2,"minecraft:crafting_table":8,"minecraft:blast_furnace":2,"minecraft:apple":2,"vtaw_mw:netherite_katana":23,"minecraft:bread":24,"minecraft:iron_pickaxe":246,"minecraft:suspicious_stew":2,"undead_revamp2:chainsword":39,"minecraft:deepslate":13,"minecraft:stone_axe":17,"minecraft:cobblestone":23,"minecraft:chainmail_boots":1,"minecraft:andesite":2,"alexsmobs:animal_dictionary":2,"minecraft:experience_bottle":1},"minecraft:killed":{"undead_revamp2:bigsucker":1,"minecraft:witch":1,"undead_revamp2:theimmortal":1,"born_in_chaos_v1:restless_spirit":1,"born_in_chaos_v1:zombie_clown_not_despawn":1,"undead_revamp2:clogger":1,"born_in_chaos_v1:siamese_skeletonsright":1,"born_in_chaos_v1:maggot":1,"minecraft:skeleton":3,"undead_revamp2:deadclogger":1,"born_in_chaos_v1:skeleton_thrasher":1,"undead_revamp2:thebidy":3,"undead_revamp2:thepregnant":1,"undead_revamp2:sucker":1,"undead_revamp2:the_moonflower":2,"minecraft:iron_golem":1,"born_in_chaos_v1:decrepit_skeleton":2,"minecraft:sheep":1,"minecraft:zombie":7,"born_in_chaos_v1:corpse_fly":1,"born_in_chaos_v1:door_knight":1,"born_in_chaos_v1:siamese_skeletonsleft":1},"minecraft:picked_up":{"minecraft:crafting_table":7,"minecraft:iron_trapdoor":2,"minecraft:ladder":2,"gravestone:obituary":5,"minecraft:raw_copper":32,"minecraft:iron_axe":1,"minecraft:experience_bottle":2,"minecraft:gold_nugget":4,"minecraft:cobbled_deepslate":5,"biomesoplenty:fir_planks":3,"minecraft:iron_nugget":3,"minecraft:poppy":2,"minecraft:iron_pickaxe":1,"minecraft:lectern":1,"minecraft:chest":1,"minecraft:stick":5,"minecraft:raw_iron":38,"minecraft:copper_ingot":8,"minecraft:torch":33,"minecraft:spruce_stairs":1,"minecraft:diorite":3,"minecraft:carrot":1,"undead_revamp2:cloogerribs":39,"minecraft:arrow":7,"minecraft:rotten_flesh":26,"minecraft:tropical_fish":2,"minecraft:hay_block":4,"minecraft:gold_ingot":1,"minecraft:glow_berries":1,"minecraft:cobblestone":79,"born_in_chaos_v1:fused_bone":2,"born_in_chaos_v1:corpse_maggot":2,"born_in_chaos_v1:monster_flesh":2,"minecraft:andesite":9,"minecraft:leather":62,"minecraft:fern":1,"biomesoplenty:glowshroom":1,"biomesoplenty:fir_sapling":1,"minecraft:oak_log":4,"minecraft:lapis_lazuli":40,"minecraft:blue_bed":3,"minecraft:dirt":43,"minecraft:bone":12,"minecraft:apple":2,"minecraft:stone_bricks":3,"minecraft:wheat_seeds":3,"minecraft:raw_gold":8,"minecraft:iron_ingot":5,"minecraft:stone_pickaxe":1,"minecraft:book":45,"minecraft:sweet_berries":18,"born_in_chaos_v1:ethereal_spirit":1,"minecraft:spruce_sapling":4,"minecraft:blast_furnace":3,"minecraft:spruce_log":7,"minecraft:spruce_door":1,"minecraft:mossy_cobblestone":3,"minecraft:purple_bed":1,"minecraft:slime_ball":19,"born_in_chaos_v1:fire_dust":1,"minecraft:stone_axe":1,"minecraft:granite":5,"minecraft:oak_sapling":4,"minecraft:coal":36,"minecraft:sunflower":1},"minecraft:killed_by":{"minecraft:player":2,"man:managgresive":1,"apollyon:the_damned":1},"minecraft:custom":{"minecraft:interact_with_smithing_table":2,"minecraft:interact_with_anvil":2,"minecraft:mob_kills":36,"minecraft:interact_with_crafting_table":15,"minecraft:open_barrel":29,"minecraft:bell_ring":3,"minecraft:damage_dealt_resisted":1713,"minecraft:leave_game":3,"minecraft:time_since_death":13973,"minecraft:climb_one_cm":6180,"minecraft:sprint_one_cm":183533,"minecraft:walk_one_cm":236245,"minecraft:drop":88,"minecraft:talked_to_villager":3,"minecraft:play_time":139505,"minecraft:deaths":6,"minecraft:sneak_time":8370,"minecraft:walk_under_water_one_cm":3766,"minecraft:interact_with_lectern":3,"minecraft:jump":2321,"minecraft:interact_with_blast_furnace":7,"minecraft:walk_on_water_one_cm":3608,"minecraft:total_world_time":139505,"minecraft:interact_with_furnace":16,"minecraft:sleep_in_bed":3,"minecraft:time_since_rest":14015,"minecraft:damage_taken":3332,"minecraft:damage_dealt":10191,"minecraft:swim_one_cm":2245,"minecraft:fly_one_cm":516270,"minecraft:open_chest":35,"minecraft:crouch_one_cm":17134,"minecraft:interact_with_smoker":1,"minecraft:fall_one_cm":88578},"minecraft:dropped":{"minecraft:iron_ingot":1,"minecraft:wheat_seeds":3,"born_in_chaos_v1:shattered_skull":1,"born_in_chaos_v1:mint_candy":2,"minecraft:oak_log":4,"minecraft:mossy_cobblestone":3,"minecraft:book":45,"minecraft:glow_berries":1,"minecraft:granite":4,"minecraft:copper_ingot":9,"minecraft:spruce_stairs":1,"minecraft:coal":1,"biomesoplenty:fir_sapling":1,"minecraft:cod":4,"born_in_chaos_v1:monster_flesh":2,"minecraft:diorite":3,"minecraft:iron_trapdoor":2,"born_in_chaos_v1:fused_bone":4,"minecraft:map":2,"gravestone:obituary":11,"minecraft:iron_pickaxe":2,"minecraft:blue_bed":1,"minecraft:spruce_sapling":4,"minecraft:compass":1,"minecraft:iron_nugget":3,"alexsmobs:animal_dictionary":1,"minecraft:cobbled_deepslate":3,"minecraft:bowl":2,"minecraft:experience_bottle":1,"minecraft:beetroot":3,"minecraft:rotten_flesh":11,"minecraft:fern":1,"minecraft:blast_furnace":1,"undead_revamp2:cloogerribs":39,"minecraft:poppy":2,"biomesoplenty:fir_planks":3,"minecraft:andesite":7,"born_in_chaos_v1:corpse_maggot":2,"minecraft:purple_bed":1,"minecraft:ladder":2,"minecraft:oak_sapling":4,"minecraft:stone_bricks":2,"minecraft:arrow":5,"minecraft:stone_pickaxe":1,"minecraft:raw_gold":2}},"DataVersion":3465}