{"stats":{"minecraft:mined":{"minecraft:spruce_planks":1,"minecraft:mossy_cobblestone":1,"gravestone:gravestone":2,"minecraft:glow_lichen":1,"minecraft:ladder":2,"minecraft:granite":1,"biomesoplenty:bush":1,"minecraft:stone_brick_wall":2,"minecraft:grass_block":3,"deep_dark_regrowth:sculk_tendril":1,"minecraft:spawner":1,"minecraft:sculk_catalyst":8,"minecraft:furnace":1,"minecraft:iron_ore":2,"minecraft:andesite":16,"minecraft:sculk_shrieker":1,"minecraft:bookshelf":24,"minecraft:deepslate_iron_ore":1,"minecraft:black_candle":3,"minecraft:stone":58,"minecraft:smithing_table":1,"minecraft:light_gray_carpet":1,"minecraft:glass_pane":2,"minecraft:stone_brick_slab":1,"minecraft:spruce_door":1,"minecraft:clay":4,"minecraft:crafting_table":1,"minecraft:blast_furnace":1,"minecraft:calcite":2,"minecraft:chest":1,"minecraft:campfire":1,"minecraft:cobblestone":4,"biomesoplenty:sprout":2,"minecraft:sculk":5,"minecraft:diorite":7,"minecraft:purple_bed":4,"minecraft:cactus":1,"minecraft:coarse_dirt":1,"minecraft:mossy_stone_brick_wall":1,"minecraft:spruce_log":2,"minecraft:grass":4,"minecraft:coal_ore":1,"minecraft:dirt":6,"minecraft:cobweb":1,"minecraft:stone_bricks":1,"minecraft:chipped_anvil":1,"minecraft:mossy_stone_bricks":1,"minecraft:iron_trapdoor":1,"minecraft:deepslate":17},"minecraft:killed":{"born_in_chaos_v1:zombie_bruiser":1,"minecraft:skeleton":4,"minecraft:iron_golem":1,"minecraft:zombie":6,"minecraft:cow":3},"minecraft:picked_up":{"minecraft:coarse_dirt":1,"minecraft:charcoal":2,"minecraft:iron_chestplate":1,"minecraft:crafting_table":2,"minecraft:iron_trapdoor":1,"minecraft:ladder":2,"minecraft:clay_ball":32,"minecraft:smithing_table":1,"minecraft:stone_brick_wall":2,"gravestone:obituary":2,"minecraft:shield":1,"minecraft:polished_deepslate":2,"minecraft:string":1,"minecraft:raw_copper":5,"born_in_chaos_v1:intoxicating_decoction":3,"minecraft:armor_stand":2,"minecraft:beetroot":3,"minecraft:cobbled_deepslate":23,"minecraft:spruce_planks":1,"minecraft:beef":5,"minecraft:rose_bush":2,"minecraft:calcite":3,"minecraft:iron_pickaxe":2,"minecraft:chest":1,"minecraft:furnace":2,"minecraft:raw_iron":5,"born_in_chaos_v1:shattered_skull":1,"minecraft:torch":18,"minecraft:diorite":28,"born_in_chaos_v1:pieceofdarkmetal":258,"undead_revamp2:cloogerribs":39,"minecraft:arrow":4,"minecraft:rotten_flesh":40,"minecraft:cactus":1,"minecraft:cobblestone":73,"minecraft:leather_chestplate":2,"born_in_chaos_v1:monster_flesh":1,"minecraft:andesite":24,"minecraft:leather":3,"deep_dark_regrowth:mossy_fluorite":20,"minecraft:dirt":6,"minecraft:bone":27,"minecraft:stone_bricks":1,"minecraft:bow":1,"minecraft:wheat_seeds":1,"minecraft:iron_ingot":6,"minecraft:stone_pickaxe":1,"minecraft:mossy_stone_bricks":1,"minecraft:mossy_stone_brick_wall":1,"minecraft:book":117,"minecraft:black_candle":16,"minecraft:stone_brick_slab":1,"minecraft:spruce_sapling":2,"minecraft:blast_furnace":1,"minecraft:spruce_log":2,"minecraft:spruce_door":2,"minecraft:mossy_cobblestone":6,"minecraft:purple_bed":5,"minecraft:stone_axe":1,"minecraft:golden_apple":1,"minecraft:oak_sapling":4,"minecraft:coal":35,"minecraft:sunflower":1},"minecraft:dropped":{"minecraft:wheat_seeds":2,"minecraft:mossy_cobblestone":5,"minecraft:glass_bottle":6,"minecraft:crafting_table":1,"minecraft:iron_helmet":1,"minecraft:cobblestone":1,"minecraft:leather":3,"born_in_chaos_v1:pieceofdarkmetal":568,"minecraft:spruce_door":4,"minecraft:golden_apple":1,"born_in_chaos_v1:monster_flesh":1,"minecraft:dirt":1,"minecraft:black_candle":8,"minecraft:diorite":28,"minecraft:iron_trapdoor":1,"minecraft:torch":1,"minecraft:rose_bush":2,"minecraft:potion":2,"gravestone:obituary":4,"minecraft:bone_meal":1,"minecraft:sunflower":1,"minecraft:iron_pickaxe":1,"minecraft:cactus":1,"minecraft:spruce_sapling":2,"minecraft:armor_stand":2,"minecraft:polished_deepslate":2,"minecraft:coarse_dirt":1,"minecraft:cobbled_deepslate":8,"minecraft:beetroot":3,"minecraft:rotten_flesh":9,"minecraft:clay_ball":32,"minecraft:carrot":3,"undead_revamp2:cloogerribs":39,"minecraft:leather_chestplate":2,"minecraft:andesite":24,"minecraft:oak_sapling":4,"minecraft:chest":1,"minecraft:ladder":2,"minecraft:stone_pickaxe":1,"minecraft:calcite":3},"minecraft:used":{"minecraft:beetroot":3,"minecraft:spruce_planks":1,"minecraft:chest":1,"minecraft:iron_sword":38,"minecraft:iron_chestplate":1,"minecraft:torch":6,"minecraft:dirt":3,"minecraft:carrot":5,"minecraft:spruce_boat":1,"minecraft:iron_helmet":1,"minecraft:furnace":1,"minecraft:cooked_beef":2,"minecraft:potato":9,"minecraft:cobbled_deepslate":3,"minecraft:wheat_seeds":4,"born_in_chaos_v1:mint_ice_cream":1,"minecraft:spruce_door":1,"minecraft:stone_pickaxe":4,"minecraft:golden_apple":1,"minecraft:mossy_cobblestone":1,"minecraft:crafting_table":12,"minecraft:bread":6,"minecraft:iron_pickaxe":118,"minecraft:stone_axe":71,"minecraft:cobblestone":49,"minecraft:potion":1,"minecraft:purple_bed":4,"minecraft:pumpkin_pie":1,"minecraft:bone_meal":34},"minecraft:custom":{"minecraft:mob_kills":16,"minecraft:interact_with_crafting_table":7,"minecraft:open_barrel":30,"minecraft:damage_dealt_resisted":1,"minecraft:leave_game":3,"minecraft:time_since_death":15265,"minecraft:climb_one_cm":3221,"minecraft:sprint_one_cm":146495,"minecraft:walk_one_cm":236163,"minecraft:drop":129,"minecraft:talked_to_villager":38,"minecraft:play_time":96760,"minecraft:deaths":2,"minecraft:sneak_time":6001,"minecraft:boat_one_cm":37950,"minecraft:interact_with_lectern":1,"minecraft:interact_with_brewingstand":2,"minecraft:jump":1001,"minecraft:interact_with_blast_furnace":1,"minecraft:total_world_time":96760,"minecraft:interact_with_furnace":9,"minecraft:traded_with_villager":1,"minecraft:sleep_in_bed":5,"minecraft:time_since_rest":15284,"minecraft:damage_taken":1488,"minecraft:damage_absorbed":7,"minecraft:damage_dealt":4739,"minecraft:fly_one_cm":416871,"minecraft:open_chest":30,"minecraft:crouch_one_cm":15716,"minecraft:fall_one_cm":32171},"minecraft:killed_by":{"born_in_chaos_v1:siamese_skeletonsleft":1,"minecraft:skeleton":1},"minecraft:crafted":{"minecraft:chest":1,"minecraft:spruce_boat":1,"minecraft:cooked_beef":5,"minecraft:emerald":1,"minecraft:spruce_planks":32,"minecraft:iron_sword":1,"minecraft:spruce_door":3,"minecraft:air":0,"minecraft:stick":16,"minecraft:iron_pickaxe":2}},"DataVersion":3465}