{"stats":{"minecraft:mined":{"minecraft:mossy_cobblestone":1,"minecraft:spruce_trapdoor":5,"gravestone:gravestone":4,"minecraft:spruce_fence":1,"minecraft:grass_block":9,"minecraft:spruce_leaves":4,"minecraft:spawner":3,"minecraft:hay_block":6,"minecraft:furnace":1,"minecraft:iron_ore":2,"minecraft:andesite":1,"minecraft:bookshelf":3,"minecraft:red_tulip":1,"minecraft:vine":7,"minecraft:stone":46,"minecraft:smithing_table":1,"minecraft:stone_brick_slab":1,"minecraft:crafting_table":7,"minecraft:torch":3,"biomesoplenty:fir_planks":7,"minecraft:tall_grass":1,"minecraft:cobblestone":14,"biomesoplenty:sprout":34,"minecraft:wall_torch":2,"minecraft:spruce_stairs":1,"minecraft:purple_bed":6,"minecraft:wheat":6,"minecraft:sweet_berry_bush":17,"minecraft:lilac":24,"minecraft:spruce_log":9,"minecraft:red_wall_banner":1,"biomesoplenty:fir_log":13,"minecraft:stone_brick_stairs":1,"minecraft:smooth_stone_slab":1,"minecraft:grass":78,"minecraft:coal_ore":35,"minecraft:oak_log":7,"biomesoplenty:fir_leaves":10,"minecraft:sunflower":5,"minecraft:gravel":15,"minecraft:dirt":38,"minecraft:cracked_stone_bricks":1,"minecraft:stone_bricks":2,"minecraft:chipped_anvil":1,"minecraft:oak_leaves":24,"minecraft:iron_trapdoor":4,"minecraft:fern":53},"minecraft:killed":{"born_in_chaos_v1:restless_spirit":1,"minecraft:skeleton":5,"born_in_chaos_v1:firelight_not_despawn":2,"minecraft:zombie_villager":3,"born_in_chaos_v1:baby_skeleton":1,"minecraft:zombie":4,"born_in_chaos_v1:dark_vortex":1,"born_in_chaos_v1:door_knight":1,"minecraft:cow":1},"minecraft:picked_up":{"minecraft:crafting_table":7,"minecraft:iron_chestplate":1,"minecraft:coarse_dirt":1,"minecraft:wheat":6,"minecraft:iron_trapdoor":4,"minecraft:ladder":1,"minecraft:smithing_table":1,"minecraft:brown_mushroom":1,"minecraft:potion":2,"minecraft:stone_brick_stairs":1,"minecraft:chain":1,"gravestone:obituary":2,"minecraft:polished_deepslate":2,"minecraft:smooth_stone_slab":1,"minecraft:armor_stand":1,"minecraft:cracked_stone_bricks":1,"minecraft:cartography_table":1,"biomesoplenty:fir_planks":8,"minecraft:beef":2,"minecraft:chest":1,"minecraft:spruce_trapdoor":5,"minecraft:furnace":1,"minecraft:stick":11,"minecraft:raw_iron":7,"minecraft:torch":8,"minecraft:spruce_stairs":2,"minecraft:spruce_fence":1,"minecraft:carrot":1,"undead_revamp2:cloogerribs":39,"minecraft:arrow":9,"minecraft:rotten_flesh":30,"minecraft:hay_block":7,"minecraft:red_tulip":1,"minecraft:cobblestone":65,"minecraft:lilac":20,"born_in_chaos_v1:monster_flesh":1,"minecraft:glow_ink_sac":1,"minecraft:andesite":1,"minecraft:fern":2,"biomesoplenty:fir_log":12,"minecraft:oak_log":8,"minecraft:chainmail_chestplate":2,"minecraft:blue_bed":1,"minecraft:dirt":47,"minecraft:leather_boots":1,"minecraft:chipped_anvil":1,"minecraft:bone":15,"minecraft:stone_bricks":2,"minecraft:wheat_seeds":23,"minecraft:rabbit_hide":2,"minecraft:iron_ingot":1,"minecraft:rabbit":1,"minecraft:glass_bottle":5,"minecraft:book":9,"minecraft:sweet_berries":36,"born_in_chaos_v1:ethereal_spirit":2,"minecraft:gravel":13,"born_in_chaos_v1:dark_rod":2,"minecraft:red_banner":1,"minecraft:spruce_sapling":2,"minecraft:leather_helmet":3,"minecraft:spruce_log":12,"minecraft:spruce_door":1,"minecraft:mossy_cobblestone":3,"minecraft:purple_bed":7,"born_in_chaos_v1:fire_dust":1,"minecraft:spruce_boat":2,"minecraft:stone_axe":1,"minecraft:iron_helmet":1,"minecraft:oak_sapling":12,"minecraft:light_gray_carpet":1,"minecraft:coal":34,"minecraft:sunflower":6},"minecraft:broken":{"minecraft:stone_axe":1},"minecraft:dropped":{"minecraft:iron_ingot":1,"minecraft:lilac":20,"minecraft:glow_ink_sac":1,"minecraft:mossy_cobblestone":2,"minecraft:glass_bottle":5,"minecraft:crafting_table":1,"minecraft:cobblestone":1,"minecraft:spruce_door":1,"minecraft:spruce_stairs":2,"minecraft:leather_helmet":3,"born_in_chaos_v1:monster_flesh":1,"minecraft:dirt":1,"minecraft:torch":28,"gravestone:obituary":7,"minecraft:sunflower":5,"minecraft:blue_bed":1,"minecraft:spruce_sapling":2,"minecraft:bone":1,"minecraft:armor_stand":1,"minecraft:stone_axe":3,"minecraft:coarse_dirt":1,"born_in_chaos_v1:fire_dust":1,"minecraft:rotten_flesh":10,"minecraft:fern":1,"undead_revamp2:cloogerribs":39,"minecraft:leather_chestplate":1,"biomesoplenty:fir_planks":1,"minecraft:iron_chestplate":1,"minecraft:purple_bed":1,"minecraft:oak_sapling":12,"minecraft:stone_bricks":1,"minecraft:stone_pickaxe":2,"minecraft:red_tulip":1},"minecraft:used":{"minecraft:shield":2,"minecraft:rotten_flesh":2,"minecraft:torch":23,"minecraft:dirt":34,"minecraft:spruce_boat":2,"minecraft:wooden_axe":2,"minecraft:chipped_anvil":1,"minecraft:iron_axe":11,"minecraft:stone_bricks":1,"minecraft:sweet_berries":10,"minecraft:iron_trapdoor":2,"minecraft:furnace":2,"minecraft:stone_pickaxe":116,"minecraft:wooden_pickaxe":5,"minecraft:leather_chestplate":1,"biomesoplenty:fir_planks":13,"minecraft:leather_boots":1,"minecraft:mossy_cobblestone":1,"minecraft:crafting_table":9,"minecraft:campfire":1,"minecraft:bread":23,"minecraft:spruce_trapdoor":9,"minecraft:gravel":5,"minecraft:stone_axe":110,"minecraft:cobblestone":24,"minecraft:purple_bed":6,"minecraft:smithing_table":1,"minecraft:andesite":1,"alexsmobs:animal_dictionary":1,"biomesoplenty:fir_log":2,"minecraft:splash_potion":1,"minecraft:chainmail_leggings":1},"minecraft:custom":{"minecraft:interact_with_anvil":2,"minecraft:mob_kills":20,"minecraft:interact_with_crafting_table":13,"minecraft:open_barrel":16,"minecraft:leave_game":5,"minecraft:time_since_death":13617,"minecraft:climb_one_cm":5363,"minecraft:sprint_one_cm":184785,"minecraft:walk_one_cm":342887,"minecraft:damage_blocked_by_shield":60,"minecraft:drop":49,"minecraft:talked_to_villager":2,"minecraft:play_time":128572,"minecraft:deaths":8,"minecraft:sneak_time":7628,"minecraft:walk_under_water_one_cm":5026,"minecraft:boat_one_cm":54452,"minecraft:interact_with_lectern":1,"minecraft:interact_with_brewingstand":2,"minecraft:jump":1791,"minecraft:walk_on_water_one_cm":4896,"minecraft:total_world_time":128572,"minecraft:interact_with_furnace":8,"minecraft:sleep_in_bed":6,"minecraft:time_since_rest":13695,"minecraft:damage_taken":3138,"minecraft:damage_dealt":5300,"minecraft:player_kills":2,"minecraft:fly_one_cm":323298,"minecraft:swim_one_cm":9196,"minecraft:open_chest":18,"minecraft:crouch_one_cm":19508,"minecraft:fall_one_cm":56089},"minecraft:killed_by":{"born_in_chaos_v1:phantom_creeper":1,"born_in_chaos_v1:corpse_fly":2,"undead_revamp2:clogger":1,"man:managgresive":1,"minecraft:skeleton":2},"minecraft:crafted":{"minecraft:furnace":1,"minecraft:bone_meal":30,"minecraft:stone_pickaxe":4,"minecraft:spruce_boat":1,"minecraft:wheat":63,"minecraft:crafting_table":4,"minecraft:spruce_planks":36,"minecraft:wooden_pickaxe":1,"minecraft:chainmail_chestplate":1,"minecraft:campfire":1,"minecraft:stone_axe":4,"minecraft:bread":23,"minecraft:air":0,"biomesoplenty:fir_planks":40,"minecraft:spruce_trapdoor":4,"minecraft:charcoal":8,"minecraft:shield":2,"minecraft:stick":32,"minecraft:iron_ingot":1,"minecraft:wooden_axe":1,"minecraft:torch":44}},"DataVersion":3465}