{"stat.useItem.397":1,"stat.walkOneCm":143923,"stat.killEntity.EntityHorse":11,"stat.leaveGame":7,"stat.killEntity.Creeper":4,"stat.mineBlock.58":1,"stat.mineBlock.18":1,"stat.mineBlock.17":7,"stat.swimOneCm":275,"stat.jump":249,"stat.craftItem.257":1,"stat.fallOneCm":42657,"achievement.buildWorkBench":2,"achievement.mineWood":7,"achievement.exploreAllBiomes":{"value":0,"progress":["Savanna Plateau","Beach","DesertHills","Roofed Forest","Ocean","River","Forest","Plains","Desert","Savanna","Deep Ocean"]},"stat.killEntity.Skeleton":2,"stat.craftItem.364":4,"achievement.openInventory":34,"stat.craftItem.5":28,"stat.craftItem.280":12,"stat.damageTaken":13300,"stat.killEntity.Spider":4,"stat.mineBlock.3":8,"stat.killEntity.Enderman":1,"stat.mobKills":48,"achievement.cfm_install":8,"stat.flyOneCm":32365,"stat.craftItem.58":1,"stat.drop":17,"achievement.buildPickaxe":2,"stat.playOneMinute":39108,"stat.killEntity.Witch":1,"stat.craftItem.50":4,"stat.killEntity.Sheep":2,"stat.useItem.5":1,"stat.craftItem.270":1,"stat.damageDealt":1680,"achievement.buildBetterPickaxe":1,"stat.killEntity.Zombie":5,"stat.killEntity.Cow":7,"stat.mineBlock.32":5,"stat.mineBlock.31":5,"stat.useItem.58":2,"stat.diveOneCm":2382}