{
  "type": "minecraft:entity",
  "pools": [
    {
      "bonus_rolls": 0.0,
      "entries": [
        {
          "type": "minecraft:item",
          "functions": [
            {
              "add": false,
              "count": {
                "type": "minecraft:uniform",
                "max": 2.0,
                "min": 0.0
              },
              "function": "minecraft:set_count"
            },
            {
              "count": {
                "type": "minecraft:uniform",
                "max": 1.0,
                "min": 0.0
              },
              "enchantment": "minecraft:looting",
              "function": "minecraft:enchanted_count_increase"
            }
          ],
          "name": "minecraft:seagrass",
          "weight": 3
        }
      ],
      "rolls": 1.0
    },
    {
      "bonus_rolls": 0.0,
      "conditions": [
        {
          "condition": "minecraft:damage_source_properties",
          "predicate": {
            "tags": [
              {
                "expected": true,
                "id": "minecraft:is_lightning"
              }
            ]
          }
        }
      ],
      "entries": [
        {
          "type": "minecraft:item",
          "name": "minecraft:bowl"
        }
      ],
      "rolls": 1.0
    },
    {
      "rolls": 1,
      "entries": [
        {
          "type": "minecraft:loot_table",
          "value": "roguecraft:mob_essence/main_selector"
        }
      ]
    }
  ],
  "random_sequence": "minecraft:entities/turtle"
}