{
    "display": {
        "title": {
            "translate": "roguecraft.advancement.name.all_dummy"
        },
        "description": {
            "translate": "roguecraft.advancement.description.all_dummy",
            "color": "green"
        },
        "icon": {
            "count": 1,
            "id": "minecraft:stick",
            "components": {
                "minecraft:custom_model_data": 14
            }
        },
        "frame": "task",
        "show_toast": true,
        "announce_to_chat": true,
        "hidden": false
    },
    "criteria": {
        "requirement": {
          "trigger": "minecraft:tick",
          "conditions": {
            "player": [
              {
                "condition": "minecraft:entity_scores",
                "entity": "this",
                "scores": {
                  "dummy_upgrade": 100
                }
              }
            ]
          }
        }
      },
    "parent": "roguecraft:infinite_garden/root"
}