{
  "type": "minecraft:fishing",
  "pools": [
    {
      "bonus_rolls": 0,
      "entries": [
        {
          "type": "minecraft:item",
          "name": "minecraft:name_tag"
        },
        {
          "type": "minecraft:item",
          "name": "minecraft:saddle"
        },
        {
          "type": "minecraft:item",
          "functions": [
            {
              "add": false,
              "damage": {
                "type": "minecraft:uniform",
                "max": 0.25,
                "min": 0
              },
              "function": "minecraft:set_damage"
            },
            {
              "function": "minecraft:enchant_with_levels",
              "levels": 30,
              "options": "#minecraft:on_random_loot"
            }
          ],
          "name": "minecraft:bow"
        },
        {
          "type": "minecraft:item",
          "functions": [
            {
              "add": false,
              "damage": {
                "type": "minecraft:uniform",
                "max": 0.25,
                "min": 0
              },
              "function": "minecraft:set_damage"
            },
            {
              "function": "minecraft:enchant_with_levels",
              "levels": 30,
              "options": "#minecraft:on_random_loot"
            }
          ],
          "name": "minecraft:fishing_rod"
        },
        {
          "type": "minecraft:item",
          "functions": [
            {
              "function": "minecraft:enchant_with_levels",
              "levels": 30,
              "options": "#minecraft:on_random_loot"
            }
          ],
          "name": "minecraft:book"
        },
        {
          "type": "minecraft:item",
          "name": "minecraft:nautilus_shell"
        },
        {
            "type": "minecraft:item",
            "name": "minecraft:structure_void",
            "functions": [
              {
                "function": "minecraft:set_custom_model_data",
                "value": 100
              },
              {
                "function": "minecraft:set_custom_data",
                "tag": {
                  "type":"fishing"
                }
              }
            ],
            "conditions": [
              {
                "condition": "location_check",
                "predicate": {
                  "dimension": "minecraft:overworld"
                }
              }
            ]
          }
      ],
      "rolls": 1
    }
  ],
  "random_sequence": "minecraft:gameplay/fishing/treasure"
}