{
  "parent": "minecraft:end/root",
  "criteria": {
    "dragon_breath": {
      "conditions": {
        "items": [
          {
            "items": "minecraft:dragon_breath"
          }
        ],
        "player": {
          "type_specific": {
            "type": "minecraft:player",
            "gamemode": [
              "survival",
              "creative",
              "adventure"
            ]
          }
        }
      },
      "trigger": "minecraft:inventory_changed"
    }
  },
  "display": {
    "announce_to_chat": true,
    "description": {
      "translate": "advancements.end.dragon_breath.description"
    },
    "frame": "goal",
    "icon": {
      "count": 1,
      "id": "minecraft:dragon_breath"
    },
    "title": {
      "translate": "advancements.end.dragon_breath.title"
    }
  },
  "requirements": [
    [
      "dragon_breath"
    ]
  ],
  "sends_telemetry_event": true,
  "rewards": {
    "function": "roguecraft:skillpoints/advancement_goal"
  }
}