{
    "display": {
        "title": {
            "translate": "roguecraft.advancement.name.instant_regret"
        },
        "description": {
            "translate": "roguecraft.advancement.description.instant_regret",
            "color": "green"
        },
        "icon": {
            "count": 1,
            "id": "minecraft:stick",
            "components": {
                "minecraft:custom_model_data": 5
            }
        },
        "frame": "challenge",
        "show_toast": true,
        "announce_to_chat": true,
        "hidden": false
    },
    "criteria": {
        "granted": {
            "trigger": "minecraft:impossible"
        }
    },
    "parent": "roguecraft:challenges/root",
    "rewards": {
        "function": "roguecraft:skillpoints/advancement_challenge"
    }
}