{
    "display": {
        "title": {
            "translate": "roguecraft.advancement.name.lil_guy"
        },
        "description": {
            "translate": "roguecraft.advancement.description.lil_guy",
            "color": "green"
        },
        "icon": {
            "count": 1,
            "id": "minecraft:stick",
            "components": {
                "minecraft:custom_model_data": 30
            }
        },
        "frame": "challenge",
        "show_toast": true,
        "announce_to_chat": true,
        "hidden": false
    },
    "criteria": {
        "granted": {
            "trigger": "minecraft:inventory_changed",
            "conditions": {
                "items": [
                    {
                        "items": "minecraft:poisonous_potato",
                        "components": {
                            "minecraft:custom_model_data": 700
                        }
                    }
                ]
            }
        }
    },
    "parent": "roguecraft:challenges/root"
}