{
    "display": {
        "title": {
            "translate": "roguecraft.advancement.name.one_above_mortality"
        },
        "description": {
            "translate": "roguecraft.advancement.description.one_above_mortality",
            "color": "green"
        },
        "icon": {
            "count": 1,
            "id": "minecraft:stick",
            "components": {
                "minecraft:custom_model_data": 28
            }
        },
        "frame": "challenge",
        "show_toast": true,
        "announce_to_chat": true,
        "hidden": false
    },
    "criteria": {
        "granted": {
            "trigger": "minecraft:impossible"
        }
    },
    "parent": "roguecraft:challenges/root"
}